epoch,categorical_accuracy,loss,mean_absolute_error,val_categorical_accuracy,val_loss,val_mean_absolute_error
0,0.2585182189941406,4.257097244262695,0.38202154636383057,0.349029541015625,5.998964309692383,0.26323622465133667
1,0.3242034912109375,3.6071925163269043,0.417429119348526,0.35263824462890625,6.194705009460449,0.336220383644104
2,0.33507728576660156,4.266711711883545,0.47682398557662964,0.348358154296875,6.230075836181641,0.41641461849212646
0,0.32909202575683594,3.3983733654022217,0.407356858253479,0.354339599609375,4.502778053283691,0.27350282669067383
1,0.3416118621826172,4.1056437492370605,0.49688825011253357,0.2982940673828125,5.783613204956055,0.3944813013076782
0,0.25284767150878906,4.4012627601623535,0.4094051122665405,0.1959075927734375,5.122157573699951,0.2724270820617676
1,0.23979759216308594,3.9302875995635986,0.4613755941390991,0.230316162109375,5.453916072845459,0.352990984916687
0,0.1450061798095703,3.7255971431732178,0.4185958802700043,0.2001800537109375,4.697694778442383,0.26584047079086304
1,0.18818283081054688,3.4344840049743652,0.4557732045650482,0.21172332763671875,3.888840675354004,0.32746705412864685
